test,production
test_feedexport.test_export_multiple_configs,spidermw._isiterable
test_commands.test_start_requests_errors,http11.request
test_feedexport.test_default,feedexport._get_storage
test_selector.test_weakref_slots,defer.f
test_utils_iterators.test_csviter_delimiter_binary_response_assume_utf8_encoding,scrapydocs.run
test_command_parse.test_crawlspider_matching_rule_default_callback,files.stat_file
test_feedexport.test_export_multiple_configs,mockserver.render
test_downloader_handlers.test_timeout_download_from_spider_nodata_rcvd,referer.referrer
test_crawler.test_spider_custom_settings_log_append,robotstxt.from_crawler
test_http_response.test_follow_flags,robotstxt.from_crawler
test_feedexport.test_parse_credentials,mockserver.render
test_commands.test_output_and_overwrite_output,files.stat_file
test_pipeline_media.test_media_downloaded_called,spiders.parse
test_feedexport.test_from_crawler,spiderstate.from_crawler
test_utils_serialize.test_encode_decode,closespider.error_count
test_request_left.test_disconnect,mockserver.render
test_spidermiddleware_offsite.test_process_spider_output,spiderloader.load
test_exporters.test_header_export_all,mockserver.render_GET
test_crawl.test_follow_all,engine._needs_backout
test_pipeline_media.test_result_succeed,media._key_for_pipe
test_downloader_handlers.test_content_length_zero_bodyless_post_request_headers,contextfactory.creatorForNetloc
test_pipeline_images.test_thumbnail_name,files.stat_file
test_downloadermiddleware_httpcompression.test_process_response_gzipped_contenttype,feedexport.open
test_pipeline_files.test_blob_path_consistency,project.project_data_dir
test_loader_deprecated.test_keep_list,spiderloader.list
test_engine.test_download_deprecated_spider_arg,httpcompression.process_request
test_utils_url.test_preserve_http_path,files._get_boto_key
test_http_response.test_follow_all_xpath,mockserver.render_GET
test_pipeline_images.test_subclass_attrs_preserved_custom_settings,mockserver.render
test_utils_curl.test_too_few_arguments_error,spiders.on_error
test_downloadermiddleware_cookies.test_merge_request_cookies,mockserver._delayedRender
test_feedexport.test_export_items_empty_field_list,scraper._scrape2
test_feedexport.test_from_crawler_without_acl,media.from_crawler
test_downloadermiddleware_redirect.test_redirect_urls,robotstxt.from_crawler
test_utils_url.test_noop,robotstxt.allowed
test_crawl.test_headers_received_stop_download_callback,httperror.from_crawler
test_http_request.test_from_response_override_duplicate_form_key,files.stat_file
test_downloadermiddleware_httpauth.test_auth_already_set,spiders.start_requests
test_feedexport.test_append,robotstxt.from_crawler
test_feedexport.test_from_crawler,spiders.headers_received
test_spidermiddleware_output_chain.test_generator_callback_right_after_callback,telnet.stop_listening
test_feedexport.test_export_based_on_custom_filters,feedexport.start_exporting
test_spider.test_from_crawler_init_call,resolver.from_crawler
test_utils_conf.test_feed_export_config_implicit_formats,conf.feed_process_params_from_cli
test_exporters.test_nonstring_types_item,reqser.request_to_dict
test_pipeline_media.test_default_media_to_download,serialize.default
test_command_shell.test_local_file,spiders.start_requests
test_downloadermiddleware.test_invalid_process_request,http11.request
test_http_request.test_from_response_checkbox,form._value
test_commands.test_startproject_template_override,spiders.parse
test_loader_deprecated.test_avoid_reprocessing_with_initial_values_single,defer.process_chain
test_feedexport.test_export_dicts,engine._on_success
test_crawl.test_unbounded_response,engine.open_spider
test_request_attribute_binding.test_downloader_middleware_override_in_process_exception,request._request_fingerprint_as_bytes
test_spidermiddleware_output_chain.test_not_a_generator_output_chain,cookies.get_all
test_downloadermiddleware_httpcompression.test_setting_false_compression_enabled,feedexport.open
test_crawl.test_dns_server_ip_address_none,reactor.listen_tcp
test_utils_url.test_preserve_http_without_subdomain,spiderstate.statefn
test_command_fetch.test_output,spiders.parse
test_engine.test_close_engine_spiders_downloader,scheduler._dqdir
test_loader_deprecated.test_input_processor_inheritance,squeues.push
test_closespider.test_closespider_pagecount,ftp.close
test_utils_deprecate.test_warning_on_instance,mockserver.render
test_spider.test_process_request_instance_method,settings.run
test_crawl.test_retry_conn_aborted,httperror.from_crawler
test_spider.test_process_links_generator,crawl._identity_process_request
test_downloadermiddleware_httpcompression.test_process_response_head_request_no_decode_required,feedexport._store_in_thread
test_crawler.test_asyncio_enabled_no_reactor,spiders.parse
test_pipelines.test_asyncdef_not_asyncio_pipeline,depth.from_crawler
test_linkextractors.test_extract_filter_allowed_domains,urllength._filter
test_http_request.test_from_response_descendants,form._get_inputs
test_loader_deprecated.test_mapcompose,referer.referrer
test_feedexport.test_export_based_on_custom_filters,misc.warn_on_generator_with_return_value
test_utils_display.test_pprint,console.wrapper
test_commands.test_existing_project_dir,exporters.export_item
test_downloadermiddleware_redirect.test_redirect_302_head,exporters.export_item
test_crawl.test_unbounded_response,statscollectors.set_value
test_contracts.test_contracts,useragent.process_request
test_http_request.test_callback_and_errback_type,edit._err
test_feedexport.test_stats_file_success,lxmlhtml.extract_links
test_request_attribute_binding.test_response_200,engine._finish_stopping_engine
test_pipelines.test_simple_pipeline,retry.process_response
test_contracts.test_custom_contracts,robotstxt.allowed
test_crawl.test_unbounded_response,useragent.spider_opened
test_http_response.test_unavailable_meta,mockserver.render_GET
test_crawl.test_crawlspider_with_errback,httperror.from_crawler
test_spidermiddleware_httperror.test_middleware_works,engine._handle_downloader_output
test_crawl.test_dns_server_ip_address,corestats.response_received
test_downloadermiddleware_retry.test_reason_builtin_exception,check.run
test_exporters.test_nonstring_types_item,sitemap._get_sitemap_body
test_downloadermiddleware_cookies.test_user_set_cookie_domain_suffix_public_period,referer.referrer
test_pipeline_media.test_subclass_standard_setting,spiders.errback
test_exporters.test_nonstring_types_item,misc.rel_has_nofollow
test_downloadermiddleware_stats.test_process_exception,mockserver.render_GET
test_linkextractors.test_extract_filter_allow_no_duplicates_canonicalize,urllength._filter
test_command_parse.test_parse_add_options,check.add_options
test_utils_conf.test_arglist_to_dict,interfaces.list
test_downloader_handlers.test_download_with_small_maxsize_per_spider,middleware.download
test_feedexport.test_export_items_json_field_list,misc.warn_on_generator_with_return_value
test_loader_deprecated.test_iter_on_input_processor_input,mockserver._delayedRender
test_feedexport.test_export_items_comma_separated_field_list,pqueues.pop
test_feedexport.test_gzip_plugin_compresslevel,downloadtimeout.from_crawler
test_request_left.test_success,scraper.call_spider
test_downloadermiddleware_httpcache.test_middleware_ignore_schemes,python.binary_is_text
test_utils_python.test_errors_argument,feedexport.open
test_crawl.test_start_requests_lazyness,spidermw._evaluate_iterable
test_utils_url.test_path,crawler.stop
test_utils_request.test_caching,feedexport.open
test_spidermiddleware_httperror.test_logging,telnet.login
test_pipeline_files.test_persist,spiders.errback
test_engine.test_download_deprecated_spider_arg,mockserver.render
test_feedexport.test_init,stats.process_response
test_feedexport.test_stats_multiple_file,engine._on_complete
test_downloader_handlers.test_download_with_maxsize_per_req,engine.download
test_downloader_handlers.test_download_with_proxy_https_noconnect,http11._finish_response
test_logformatter.test_skip_messages,cookies.add_cookie_header
test_downloadermiddleware_stats.test_process_request,cookies.process_request
test_feedexport.test_overwrite_true,postprocessing.write
test_logformatter.test_skip_messages,httpcompression.process_response
test_http_request.test_from_response_post_nonascii_bytes_latin1,form._get_form_url
test_http_headers.test_basics,spiders.parse
test_commands.test_overwrite_output,exporters._configure
test_crawler.test_simple,spiders.parse
test_http_response.test_replace,spiders.start_requests
test_feedexport.test_gzip_plugin,cookies._debug_cookie
test_commands.test_overwrite_output,crawl.run
test_logformatter.test_skip_messages,referer._load_policy_class
test_crawl.test_retry_503,engine._handle_downloader_output
test_downloadermiddleware_downloadtimeout.test_default_download_timeout,webclient.timeout
test_utils_serialize.test_encode_attrs_item,spiders.parse
test_utils_iterators.test_xmliter_iterate_namespace,robotstxt.allowed
test_http_request.test_from_response_xpath,pqueues.pop
test_utils_signal.test_error_logged_if_deferred_not_supported,dupefilters.log
test_downloadermiddleware_cookies.test_request_cookies_encoding,dupefilters.request_seen
test_command_shell.test_request_replace,json_request.replace
test_exporters.test_nonstring_types_item,memusage._check_warning
test_http_request.test_url_encoding_query_latin1,text.encoding
test_request_left.test_timeout,reactor.listen_tcp
test_utils_url.test_preserve_http_username_password,bench.run
test_feedexport.test_exports_compatibility_with_postproc,spiders.parse
test_pipeline_media.test_mix_of_success_and_failure,files.stat_file
test_downloadermiddleware_cookies.test_cookie_header_redirect_same_domain,exporters.export_item
test_spidermiddleware_output_chain.test_not_a_generator_callback_right_after_callback,cookies.process_request
test_http_cookies.test_get_type,spiders.parse
